id,name,domain
1,a6娱乐,118a6.com
2,冠盛娱乐,shengguang90.hnrpl.cn
3,开元棋牌,97ky.com
4,东升棋牌,6ds.cc
5,TT棋牌,TT333.com
6,盛大棋牌,snda.vip
7,虎牙棋牌,huyayl.com
8,老板棋牌,4340.com
9,新新娱乐,xxyl08.com
10,68棋牌,68vx.com
11,星耀棋牌,8xy.cc
12,大丰收,tj0514.com
13,贪玩棋牌,Tanwan.net
14,腾飞棋牌,ff.00b7.com
15,899棋牌,899.tv
16,金兔国际,jt85.com
17,富友娱乐,3368.com
18,盘龙,plqpgu.cc
19,东升棋牌,6ds.cc
20,西西里娱乐,xx7.cc
21,金丝猴,jsh99.cc
22,指尖娱乐,zj8.cc
23,jj棋牌,jj99.com
24,虎牙棋牌,huyayl.com
25,美天大联盟,itan.cc
26,旺牛娱乐,9wn.cc
27,金钱豹,jqb8.com
28,乔治娱乐,https：//game.hgyl001.com
29,三国娱乐,25188.com
30,热彩娱乐,recai66.com
31,天博综合,tbvip130.com
32,怡和娱乐,0146.cc
33,乐游棋牌,leyouqipai.com
34,恒盛,hs769.com
35,大嘴猴,dzh88.com
36,荷花棋牌,9hh.cc
37,财神棋牌,3368.com
38,大掌柜,u23.com
39,鸿运国际,
40,金牛棋牌,jinniu188.com
41,冰冰娱乐,www.kdyule.info
42,至尊娱乐,03355.com
43,至尊娱乐,z520z.com
44,918棋牌,91806.com
45,王者棋牌,8899.net
46,,
47,258娱乐,258yl.com
48,88棋牌,a999.com
49,风云娱乐,fy66.com
50,唯一棋牌,https://v1qp.net/
51,长宏棋牌,ch6.cc
52,u乐国际,ul8.hk
53,亚博娱乐,yabo.my
54,5g棋牌,5GYL.cc
55,永利棋牌,v58.com
56,,
57,棋牌联盟,qplm.com
58,51棋牌,l51.bet
59,黄金城,9915.com
60,领跑娱乐,www.lingpaoyule.com
61,大赢家棋牌,9906.com
62,太阳棋牌,cw66.vip
63,988娱乐,918q.com
64,qq娱乐,qqyx.vip
65,大鱼棋牌,dayu888.com
66,雷神娱乐,lei778.com
67,宝塔娱乐,BT1.CC
68,环球国际,hq66.com
69,5G娱乐,59686.com
70,神牛棋牌,88sn.cc
71,大唐棋牌,dxxs777.com
72,99棋牌,9972.com
73,宋宋国际,s771.com
74,开心娱乐,511.cc
75,大赢家,dyj889.vip
76,荣耀棋牌,w277.com
77,边锋游戏,gameabc.cc
78,24棋牌,24.cc
79,新星棋牌,59127.com
80,欢乐棋牌,23098.com
81,旺旺棋牌,64n.com
82,开元棋牌,kyapp.com
83,永利皇宫,3v6.com
84,黑桃棋牌,52020.com
85,jm565.com,726070
86,大丰收,Q36.com
87,久久棋牌,w199.com
88,金达棋牌,fromnn.com
89,牛仔娱乐,hkqcn.com
90,天天棋牌,TT7.com
91,千亿棋牌,qyqp.com
92,金玉棋牌,9ww.com
93,91棋牌,91vip.app
94,66棋牌,66qp.ceo
95,旺旺娱乐,wwyl666.com
96,网红棋牌,78wh.com
97,a8娱乐,888a8.cc
98,棋牌大亨,qpdh88.cc
99,千亿棋牌,qy711.com
100,金沙棋牌,yl66.vip
101,逍遥棋牌,12828.net
102,138棋牌,138qp.com
103,了不起棋牌,liaobuqiqipai.com
104,im棋牌,qyeh.us
105,此间娱乐,cijian125.com
106,金牌娱乐,jp9.com
107,角落棋牌,jiaoluo234.com
108,时光娱乐,shiguang789.com
109,,
110,真香棋牌,66go.vip
111,ab棋牌,abqp.cc
112,889棋牌,d889qp.com
113,牌缘,578w.com
114,天地汇棋牌,9.vip
115,是你棋牌,shini123.com
116,818棋牌,8188.cn
117,鸿运棋牌,86860.com
118,盘古棋牌,pgqp2020.com
119,红牛,3002.com
120,优美,http://vksu4todbvuhl.yjgssk.cn/WpmdhS
121,神殿娱乐,game.sdyl804.com
122,神话棋牌,go2win.vip
123,悟空棋牌,yx.wm68.net
124,云帆互娱,23478.vip
125,保时捷,877.tv
126,大富翁,fw60.com
127,无他棋牌,wuta999.com
128,美高梅,m66.ac
129,华人娱乐,32218.com
130,王道棋牌,200king.com
131,,
132,保皇,73sy.com
133,988棋牌,988q.com
134,哈哈棋牌,hh6s.cc
135,神殿娱乐,jxlmwm.and-flora.com
136,,
137,钱柜娱乐,q688.cc
138,久久棋牌,99dv.com
139,钻石娱乐,99zs.com
140,英皇国际,tx625.com
141,宾利棋牌,8527.cc
142,三丰棋牌,9528.com
143,超跑娱乐,game.cpyl004.com
144,艾尔棋牌,6142.com
145,天天棋牌赛事,newconcepttec.online
146,大神娱乐,9999dsyl.com
147,辉煌棋牌,hhqp12.com
148,辉煌人生,hhrs11.com
149,凯旋娱乐,kx888.tv
150,上下娱乐,sx56.com
151,姚记棋牌,1898.com
152,阿里优优,alyyqp.com
153,熊猫棋牌,19000.com
154,大赢家,4006222120.com/a003/wap.html
155,金玉棋牌,yishiyiwei.com/
156,澳门银河,y166.ac/pc/home
157,大众棋牌,1214.com
158,九五至尊,95k1.cc
159,财神通,2595.com
160,姚记棋牌,3976.com
161,老板棋牌,8703.com
162,万胜棋牌,5232.com
163,58棋牌,5878.com
164,天朝棋牌,68w.com
165,大丰棋牌,0863b.com
166,金贝棋牌,mmbizuil.cn/s/CDzk0Ol4v
167,杏吧娱乐,temp.toudianbaoapp.com/temp/?p=3&u=952987087&m=online
168,太阳花,31168.vip
169,琪琪电玩城,https://1095056.qqdwc.app/
170,,
171,优发国际,https://youfa98.com/fish.jsp
172,U乐棋牌厅,https://ule97.com/chess.jsp?type=1
173,606棋牌,606.cc
174,520棋牌,0300.app/
175,永利棋牌,8989qp.vip
176,大神娱乐,dsyl.bet
177,百万大富翁,yonexa.com
178,百人牛牛,ttqp.tiggo.sg/privacy
179,我才是棋牌,wocaishi246.com
180,三国娱乐,25188.com
181,988棋牌,988q.com
182,金牛棋牌,jinniu188.cn/home.html
183,虎牙棋牌,hyyl8.com
184,好运来,hylbet.com/home
185,棋棋俱乐部,4q.com
186,宝宝娱乐,fqoyfrq.cn/Download
187,快乐大本营,linglanec.cn/t/535883
188,百万联盟,down.wp50o.cn//index.html?bindcode=127998&uchannel=yylm_bct
189,云帆互娱,vself.cn/?channelCode=103
190,澳门银河,saiyiwo.com/#/
191,开元棋牌,i4.cc
192,568棋牌,568to.com
193,九九棋牌,m91aa.com
194,3d棋牌,50923.com
195,ag娱乐,ykt.ettbhr7p.com?pl=app
196,澳博棋牌,ab6999.com
197,乐享棋牌,lxqp.me
198,9棋牌,9qp.com
199,王者电玩城,wzdwc.com
200,38手游,38010.com
201,好运棋牌,7946ok.cc
202,博众游戏,bz58.vip
203,大鱼棋牌,253969.com
204,5G娱乐,m.xae0ql.cn/?channel=32Kjg9
205,JJ娱乐,jj.bsmqzg.cn/?channel=88888
206,王者棋牌,129.cc
207,KK棋牌,kk81.co/share/
208,众乐棋牌,www2413.cc/
209,84棋牌,aaa84.bet/
210,拉斯维加斯,0567.cc
211,太阳城集团,http://155162.com/
212,Y3棋牌,https://m.y3y3y3.net/
213,熊猫娱乐,xmyl08.com
214,797棋牌,https://797qp.com/
215,HY电玩城,https://hydw.com/
216,067互娱,http://down.ckbqpw.com/
217,开元棋牌,10.cc
218,730宝马,730.com
219,金牛棋牌,7.vip
220,新濠棋牌,x77.tv
221,Q9电玩,Q9Q9.com
222,s80棋牌,s80qp.com
223,金鲤娱乐,http://jl555.io/
224,大发棋牌,df78.com
225,星耀国际,xy360.cc
226,悟空棋牌,5kqp.com
227,555,555.cc
228,163棋牌,16328f.com
229,好运来棋牌,https://www.hyl238.com/#/
230,365欢乐厅,https://www.365hlt.com/
231,金牛总管,https://8j24k.cn/
232,无他棋牌,www.wuta999.com
233,24棋牌,24.cc
234,q7棋牌,q6q6.com
235,鼎盛棋牌,98066.com
236,金牛国际,j6.com
237,澳门威尼斯人,1347.com
238,M3,m3dj.com
239,宾利棋牌,binliqp.cc
240,威尼斯人,https://v21.00666.app/app/
241,荣耀棋牌,http://76w29.cc/
242,我有棋牌,https://ss1.app/
243,众发,zf7878.com
244,800棋牌,800qp.app
245,大赢家棋牌,43.tt
246,6号娱乐,6qpl.com
247,威尼斯人,v96.com
248,218棋牌,www.0218.com
249,开心棋牌,kxqp.cn
250,38棋牌,u38.com
251,97棋牌,97qp6.com
252,金猴爷,jhyqp.com
253,神殿娱乐,game.sdyl805.com
254,,
255,大富翁,fw60.com
256,大玩家,22n.com
257,880VIP棋牌,https://www.880vip.cc/
258,老铁娱乐,lt360.cc
259,qipai娱乐,http://zpagent.fengfenggame.com/
260,约战吧,http://yuezhan.com/
261,共享棋牌,https://588123.app/
262,王者棋牌,8899.net
263,大富翁,fw60.com
264,a6娱乐,108a6.com
265,精品棋牌,jpqp.tv
266,大唐棋牌,dxxs777.com
267,800棋牌,http://800qph500.ahguanchen.com/
268,逍遥棋牌,12828.net
269,钻石娱乐,http://www.zuanshiqipai.vip/
270,雷神娱乐,lei778.com
271,千亿棋牌,qy711.com
272,财神到,27b.com
273,开元国际,67ky.com
274,5g娱乐,qp5g.cc
275,,
276,大玩家,22n.com
277,,
278,大神娱乐,dsyl.bet
279,热彩娱乐,recai66.com
280,天天赢,00098.com
281,,
282,乐游棋牌,leyouqipai.com
283,万赢娱乐城,https://wy8733.com/home
284,黑桃A娱乐,www.AA2.com
285,天美棋牌,tm13.net
286,小金棋牌,25188xx.com
287,盘龙,pl9.cc
288,大神娱乐,dsyl.bet
289,环球娱乐,hq119.com
290,尊龙,zl9.cc
291,天天德州圈,http://www.tech-bross-media.com/PrivacyPolicy.html
292,欢乐棋牌,http://www.basictech.online
293,环球娱乐,hq119.com
294,千亿棋牌,qy711.com
295,唯一棋牌,v1qp.net
296,新新娱乐棋牌,xxyl06.com/xx-888-xx/
297,A6娱乐,108a6.com
298,金沙娱乐,https://www.dzc9170.com/#/home
299,大鱼,dayu888.com
300,神牛棋牌,88sn.cc
301,88棋牌,a999.com
302,旺牛娱乐,www.9wn.cc
303,大丰收,Q36.com
304,68,68vx.com
305,新界,353379.cc
306,TT棋牌,tt333.com
307,王者棋牌,8899.net
308,开心,kx516.com
309,金玉棋牌,9ww.com
310,鑫众联盟,http://lm.xz07.com/
311,科乐,https://download.kelehudong.com/apps/SJAe7rkPr
312,发发娱乐,https://www.fafa678.com/index
313,时光娱乐,www.shiguang222.com
314,双胜娱乐,https://www.sspc78.com/
315,旺牛娱乐,6wn.cc
316,同花顺娱乐,yx.67ths.com
317,980ky,980ky.com
318,金牛座,jnz88.cc
319,开心棋牌,kx518.com
320,天空之城,tk05.cc
321,红猪国际,98hz.com
322,M3,m3dj.com
323,淡水鱼,smg.ywccy.com
324,天宫棋牌,tg90.cc
325,小爱娱乐,xiaoai6.com
326,,
327,金鲤娱乐,jl555.io
328,,
329,金樽电玩,5s7cn.f58cyv23v.com
330,腾讯游戏（山寨）,http://www.ywhptx.com/
331,顺发棋牌,sf.30b2.cn
332,777俱乐部,mk5d.co
333,东方棋牌,23df.com
334,568to,568to.com
335,金鸡,jj55.cc
336,大嘴猴,dzh88.cc
337,金猴爷,jhy18.cc
338,天天,tt519.com
339,天天乐,l96.com
340,云帆互娱,www.yfan67.com
341,逍遥棋牌,12828.net
342,悟空娱乐,yx.wm68.net
343,大赢家棋牌,9906.com
344,小爱娱乐,xiaoai6.com
345,88棋牌,a999.com
346,傲天棋牌,9141.com
347,黄金城棋牌,9915.com
348,金达棋牌,fromnn.com
349,四方棋牌,shini123.com
350,永利棋牌,v58.com
351,a6棋牌,108a6.com
352,899棋牌,899.tv
353,贪玩棋牌,tanwan.net
354,老板棋牌,8703.com
355,盛大棋牌,snda.vip
356,顶流棋牌,001qp.cc
357,点点棋牌,ddqp.bet
358,金尊棋牌,30882.com
359,177游戏,n1.by3a.net
360,开元棋牌,6999.cc
361,乾牛娱乐,liwefyegt.cn
362,澳门新葡京,8889200.com
363,扑克王,pk8899.com
364,精品棋牌,jpqp.tv
365,红牛棋牌,3002.com
366,0180棋牌,0180.com
367,甄晶娱乐HD,43yhn.citsa.com.cn
368,开元娱乐,52894.cn
369,多乐棋游,7u00000.com
370,金马棋牌,jm52.com
371,315棋牌,3157.com
372,568棋牌,568to.com
373,超能娱乐,cn50.com
374,七星,qx998.com
375,兴发,m.xf9981.com
376,金球娱乐,bd512.com
377,558棋牌,558g.cc
378,点点棋牌,ddqp.bet
379,金尊棋牌,30882.com
380,177游戏,n1.by3a.net
381,开元棋牌,6999.cc
382,乾牛娱乐,liwefyegt.cn
383,澳门新葡京,8889200.com
384,,
385,精品棋牌,jpqp.tv
386,红牛棋牌,3002.com
387,0180棋牌,0180.com
388,138棋牌,138qp.com
389,吉祥娱乐,51288.com
390,0180棋牌,0180.com
391,梦幻娱乐,gw04.com
392,520娱乐,998520.com
393,我的棋牌,wode678.com
394,风帆,ff12.net
395,大赢家,dyj889.vip
396,玖玖,8jj.vip
397,乐享,lxqp.me
398,,
399,圆梦娱乐,jy999.com
400,喜洋洋,xiyy8.com
401,大富豪,dfn920.com
402,老k游戏,http://www.87g.com/youxi/67020.html
403,盘龙,http://plmkfd3.cc/3313600-2480001
404,飞禽走兽电玩城真人版v8.0.19.7.0安卓版,https://www.yananda.com/game/2354.html
405,好运棋牌,https://735982.com/?a=100190008
406,大家乐棋牌,http://www.dpz.cool/
407,六天,http://ltzb09.com/?channel=ly_ysd_10
408,乔治娱乐,http://7j5i1.bmtwkm.cn/
409,盛大娱乐,https://game.sdyl04.com/
410,金沙娱乐场,https://153717.com/
411,熊猫棋牌,tgy.apyaoyuan.com
412,88Game,https://88q968.com/
413,128科技,https://128qp88.com/
414,天美棋牌,http://tmcf2.cc/
415,欢畅娱乐,https://39415e.com/
416,吉祥棋牌,http://s.jixiang5177o.com/
417,扑克王,pk8899.com
418,尊龙,4w.zlqpem.co
419,66棋牌,https://66qp06.vip/
420,9棋牌,http://8556vip6.com/
421,网红棋牌,https://www.55882xz.com/
422,aaaa6,xnu.shanghaishuacai.com
423,荣耀棋牌,http://www.tth6.cn/
424,逍遥棋牌,http://8a8.2jq.cc/
425,大发棋牌,https://dfqp88.cc/
426,钱柜娱乐,xuewendg.com
427,老板棋牌,http://8703hd.com/
428,金牛座,pccn6.cc
429,棋棋电玩城,https://1007609.qqdwc.app/
430,灰太狼,https://htl666.com/
431,永盈棋牌,https://69066a.com/
432,128科技,https://www.128qp19.com/
433,伯爵娱乐,https://game.bjyl704.com/
434,开心棋牌,http://www.280530.com/
435,齐发,qf127.com
436,星耀棋牌,http://154.196.129.173/
437,王者棋牌,http://xy488.cc/
438,王道棋牌,https://vip390.com/
439,天宫棋牌,gkcnl.cn/q21f3
440,盛大棋牌,http://9667b.com/
441,游戏中心,660951.com
442,大金龙,429920.com
443,aaaa6,oa.us/ITB
444,JJ棋牌,http://www.jj850.cc/?jdfwkey=bati03
445,安家棋牌,https://anjia99.com/
446,0180,http://s.rvnfans.com/
447,乔治娱乐,http://3h8zq.bmtwkm.cn/
448,天朝棋牌,https://www.68w777.com/
449,66棋牌,https://www.66qp03.com/
450,顶流棋牌,https://m.daipgj.com/
451,红枫叶,9987.y259.cc
452,5A娱乐,http://65316.com/
453,千亿棋牌,http://533452.com/
454,天天棋牌,15701.me
455,灰太狼,fwrh62.com
456,5G,512859.com
457,尊龙,zlrf5.cc
458,微乐游戏,http://www.58weile.com/
459,扑克王,http://965177.com/
460,凤凰娱乐,https://86347h.com/
461,88game,https://88q999.com/
462,金猴爷,gccn0.cc
463,天地汇棋牌,21148.ch
464,A8娱乐,eea8.cc
465,乐游,45013.cn
466,福宝,147425.com
467,乐虎国际,https://www.lehu106.com/
468,宝石娱乐,http://www.hsgj.xyz/propage/9117976/330020001/0
469,568,http://2466114.com/
470,王者棋牌,http://wj0898.com/
471,旺牛,https://ilbps.com/
472,金丝猴,https://qonjjj.com/
473,全民棋牌,http://qm.17ue.cn/
474,金牛座,https://393740.com/
475,永利棋牌,http://4npunvl.com/
476,918,https://934slj.com/
477,点点棋牌,ddqp13.com
478,315棋牌,https://www.3157666.com/
479,大神娱乐,https://21dsyl.com/
480,易乐,4z.zlqpjw.co
481,喜洋洋,xiyy8.com
482,伯爵娱乐OL,https://rofrsi.bjyx258.com/
483,金沙棋牌,https://jsqp1023.vip/
484,澳门太阳城,216tycvip.com
485,开心,https://99235510.com/
486,1678棋牌,1678dh.com
487,精品,https://120148.cn/
488,AG棋牌,https://47170.cc/
489,火狐棋牌,http://www.warchina.com/game/26868.html
490,端午棋牌,mb003.com
491,,
492,天下,28166.com
493,是你棋牌,https://www.shini123.com/
494,吾爱棋牌,https://wuaiqp3.com/
495,kk棋牌,http://b658.cc/
496,128科技,https://128qp13.com/
497,88Game,https://aaa88q.com/
498,JJ棋牌,http://www.jj963.cc/
499,棋趣联盟,http://www.lyg118.com/
500,天美棋牌,http://tm238.cc/
501,永利小游戏,https://www.v58048.com/
502,永盈棋牌,https://www.69066v.com/
503,大赢家,http://q8ezwe5.com/
504,天一棋牌,tya800.cc
505,澳门太阳城,https://212tycvip.com/
506,乔治娱乐OL,http://878zz.bmtwkm.cn/
507,新濠天地,dgc.aa28g.co
508,千亿棋牌,qy711.com
509,易乐,yl7.cc
510,好运棋牌,hy7.cc
511,大富豪,dfh920.com
512,开元棋牌,https://956511.cc/
513,177棋牌,http://www.181818by.net/
514,神殿娱乐HD,https://xrzhs.yule872.com/
515,GG棋牌,http://gg055.cc/
516,熊猫娱乐,http://wwit36.com/
517,558,https://558.82soc.cn/
518,5G,qp5g.cc
519,友利,YL3.cc
520,乐虎国际,lh954.com
521,旺牛,6wn.cc
522,喜洋洋,xyy8.com
523,顶流棋牌,001qp.cc
524,逍遥,12828.net
525,黑桃互动,20205.com
526,天朝棋牌,68w777.cc
527,天地汇棋牌,60239.biz/
528,多乐棋游,csduoyu.com/
529,千亿,qy711.com
530,易乐,yl7.cc
531,,
532,王者棋牌,56659.com
533,180,0180.com
534,富赢娱乐,typwpfh.cn/
535,财神到棋牌,278.com
536,精品,120144.cn/
537,520娱乐,998520w.com/
538,568,568to.com
539,尊龙,zd8822.com
540,天地汇棋牌,www.9.vip
541,宏图棋牌,36A.com
542,超能娱乐,4m561.you716.cn/
543,大财主,p9.com
544,金牛棋牌,6997.cc
545,传奇棋牌,653993.com
546,金球娱乐,bd512.com
547,永利小游戏,v58.com
548,易发大厅中心,yfp.bet
549,盛大游戏中心,snda.vip
550,福宝,w747.com
551,灰太狼,htl666.com
552,天天,tt519.com
553,红枫叶,0193.net
554,天宫棋牌,tg90.cc
555,神牛,sn889.com
556,金鸡,jj55.cc
557,525,16525.com
558,熊猫娱乐,xmyl08.com
559,友利,YL3.cc
560,258娱乐,258yl.com
561,新濠天地,xhzmr.com
562,A6娱乐,108a6.com
563,天美,tm13.net
564,云帆互娱,yfan67.com
565,大世界,dsj9.cc
566,大金龙,s111.cc
567,A8娱乐,888a.cc
568,叮当游戏,163163.net
569,千亿,qy711.com
570,虎牙棋牌,ok51.com
571,花开棋牌,huakai135.com/
572,波克棋牌,bk67.net
573,同花顺,ths8.cc
574,云顶,yd777.cc
575,TT棋牌,TT333.com
576,搏众娱乐,bz818.cc
577,大嘴猴,dzh88.cc
578,红枫叶,0193.net
579,千亿棋牌,qy711.com
580,战虎在线,zh765.com
581,云帆互娱,yfan67.com
582,金猴爷,jhy18.cc
583,大三元,678w.com
584,大赢鱼,dyy9.cc
585,角落棋牌,jingdu009.com/
586,星耀国际,xy360.cc
587,大时代,dsd9.cc
588,金鸡,jj55.cc
589,福宝,w747.com
590,钱柜娱乐,q688.cc
591,GG棋牌,GG55.com
592,闲来棋牌,9QQ.vip
593,271娱乐,271.cc
594,喜洋洋,xiyy8.com
595,龙珠娱乐,lzqp6.com
596,667,667888.info
597,天空之城,tk07.cc
598,热巴棋牌,5rb.cc
599,127,127888.cc
600,盛大游戏中心,snda.vip
601,传奇棋牌,653993.com
602,金顺国际,6js.me
603,98K,98kqp.vip
604,旺牛,6wn.cc
605,88Game,A999.com
606,黑桃互动,20205.com
607,向往棋牌,xw66.cc
608,12棋牌,12qp.cn
609,王者棋牌,56659.com
610,甄晶娱乐,lt0j2.citsa.com.cn/
611,kk棋牌,kk81.com
612,精品棋牌,jpqp.tv
613,花朝棋牌,az314.com
614,永利小游戏,v58.com
615,大满贯科技,58056.cm
616,盛世娱乐,32766c.com/
617,九一八,91806.com
618,网红牌室,78wh.com
619,大赢家,dyj889.vip
620,明珠娱乐,mzgw.vip
621,乔治娱乐,l3982.gmohtn.cn/
622,558,558g.cc
623,QQ棋牌,qq9.vip
624,天地汇棋牌,www.9.vip
625,财神娱乐,cs36.com
626,辉煌棋牌,vip99.dingsiyu.com
627,红牛棋牌,3002.com
628,永胜国际,mx.00026.co
629,姚记俱乐部,2xp.cc
630,5A娱乐,65316.com
631,王道棋牌,200king.com
632,富友娱乐,y6h.cc
633,天朝娱乐,68w.com
634,玖玖棋牌,8jj.vip
635,兴发,m.xf8622.com
636,金马棋牌,jm52.com
637,永盈棋牌,69066r.com
638,芒果棋牌,mg13.cc
639,多财娱乐,899e.com
640,泡妞棋牌吧,https://www.pnqp1.com/
641,大中棋牌,https://www.dzqp77.com/#/
642,金牌棋牌,62099.com
643,牛人娱乐,jy999.cn
644,9棋牌,9qp.com
645,鼎盛棋牌,98066w.com
646,新濠天地,xhzmr.com
647,逍遥,12828.net
648,JJ棋牌,jj99.com
649,1678棋牌,1678.bet
650,金马棋牌,jm52.com
651,熊猫棋牌,9788.cn
652,im棋牌,https://qyeh.us/
653,开心娱乐,511.cc
654,欢畅娱乐,39415u.com
655,大富豪,dfh920.com
656,大神娱乐,dsyl.bet
657,辉煌棋牌,32hh.vip
658,128科技,128qp.hk
659,环球娱乐,hq119.com
660,搏众娱乐,bz818.cc
661,大世界,dsj9.cc
662,永丽皇宫,3v6.com
663,盛世娱乐,ha.tofei.cc
664,共享棋牌,c08856.com
665,流金棋牌,jin66.vip
666,138琪排,138qp.com